mouse,subject_number,group,problem,block,block_id,trials,start_date,date,edge_block
MY_66_N,5,sub-05–08,1,1,1,27,2026-09-01,2026-09-02,True
MY_66_N,5,sub-05–08,1,2,2,45,2026-09-02,2026-09-03,False
MY_66_N,5,sub-05–08,1,3,3,18,2026-09-03,2026-09-03,False
MY_66_N,5,sub-05–08,1,4,4,36,2026-09-03,2026-09-03,False
MY_66_N,5,sub-05–08,1,5,5,50,2026-09-03,2026-09-08,False
MY_66_N,5,sub-05–08,1,6,6,59,2026-09-08,2026-09-08,False
MY_66_N,5,sub-05–08,1,7,7,27,2026-09-08,2026-09-09,False
MY_66_N,5,sub-05–08,1,8,8,35,2026-09-09,2026-09-09,False
MY_66_N,5,sub-05–08,1,9,9,83,2026-09-09,2026-09-14,False
MY_66_N,5,sub-05–08,1,10,10,23,2026-09-14,2026-09-14,False
MY_66_N,5,sub-05–08,1,11,11,61,2026-09-14,2026-09-15,False
MY_66_N,5,sub-05–08,1,12,12,19,2026-09-15,2026-09-15,False
MY_66_N,5,sub-05–08,1,13,13,81,2026-09-15,2026-09-16,False
MY_66_N,5,sub-05–08,1,14,14,59,2026-09-16,2026-09-17,False
MY_66_N,5,sub-05–08,1,15,15,45,2026-09-17,2026-09-17,True
MY_175_L,4,sub-01–04,1,1,1,48,2026-08-20,2026-08-24,True
MY_175_L,4,sub-01–04,1,2,2,47,2026-08-24,2026-08-25,False
MY_175_L,4,sub-01–04,1,3,3,96,2026-08-25,2026-08-26,False
MY_175_L,4,sub-01–04,1,4,4,51,2026-08-26,2026-08-27,False
MY_175_L,4,sub-01–04,1,5,5,58,2026-08-27,2026-08-27,False
MY_175_L,4,sub-01–04,1,6,6,104,2026-08-27,2026-08-28,False
MY_175_L,4,sub-01–04,1,7,7,34,2026-08-28,2026-08-29,False
MY_175_L,4,sub-01–04,1,8,8,88,2026-08-29,2026-08-29,False
MY_175_L,4,sub-01–04,1,9,9,87,2026-08-29,2026-08-31,False
MY_175_L,4,sub-01–04,1,10,10,16,2026-08-31,2026-08-31,False
MY_175_L,4,sub-01–04,1,11,11,31,2026-08-31,2026-09-01,False
MY_175_L,4,sub-01–04,1,12,12,148,2026-09-01,2026-09-02,False
MY_175_L,4,sub-01–04,1,13,13,9,2026-09-02,2026-09-02,False
MY_175_L,4,sub-01–04,1,14,14,200,2026-09-02,2026-09-08,False
MY_175_L,4,sub-01–04,1,15,15,3,2026-09-08,2026-09-08,False
MY_175_L,4,sub-01–04,1,16,16,32,2026-09-08,2026-09-08,False
MY_175_L,4,sub-01–04,1,17,17,2,2026-09-08,2026-09-08,True
MY_175_N,3,sub-01–04,1,1,1,55,2026-08-21,2026-08-25,True
MY_175_N,3,sub-01–04,1,2,2,38,2026-08-25,2026-08-26,False
MY_175_N,3,sub-01–04,1,3,3,42,2026-08-26,2026-08-28,False
MY_175_N,3,sub-01–04,1,4,4,17,2026-08-28,2026-08-28,False
MY_175_N,3,sub-01–04,1,5,5,47,2026-08-28,2026-08-29,False
MY_175_N,3,sub-01–04,1,6,6,54,2026-08-29,2026-08-31,False
MY_175_N,3,sub-01–04,1,7,7,21,2026-08-31,2026-08-31,False
MY_175_N,3,sub-01–04,1,8,8,99,2026-08-31,2026-09-01,False
MY_175_N,3,sub-01–04,1,9,9,39,2026-09-01,2026-09-02,False
MY_175_N,3,sub-01–04,1,10,10,35,2026-09-02,2026-09-02,False
MY_175_N,3,sub-01–04,1,11,11,44,2026-09-02,2026-09-03,False
MY_175_N,3,sub-01–04,1,12,12,121,2026-09-03,2026-09-08,False
MY_175_N,3,sub-01–04,1,13,13,32,2026-09-08,2026-09-08,False
MY_175_N,3,sub-01–04,1,14,14,6,2026-09-08,2026-09-08,False
MY_175_N,3,sub-01–04,1,15,15,5,2026-09-08,2026-09-08,True
MY_174_LR,2,sub-01–04,1,1,1,56,2026-08-24,2026-08-25,True
MY_174_LR,2,sub-01–04,1,2,2,39,2026-08-25,2026-08-25,False
MY_174_LR,2,sub-01–04,1,3,3,34,2026-08-25,2026-08-26,False
MY_174_LR,2,sub-01–04,1,4,4,6,2026-08-26,2026-08-26,False
MY_174_LR,2,sub-01–04,1,5,5,83,2026-08-26,2026-08-27,False
MY_174_LR,2,sub-01–04,1,6,6,24,2026-08-27,2026-08-27,False
MY_174_LR,2,sub-01–04,1,7,7,51,2026-08-27,2026-08-28,False
MY_174_LR,2,sub-01–04,1,8,8,42,2026-08-28,2026-08-28,False
MY_174_LR,2,sub-01–04,1,9,9,24,2026-08-28,2026-08-29,False
MY_174_LR,2,sub-01–04,1,10,10,58,2026-08-29,2026-08-29,False
MY_174_LR,2,sub-01–04,1,11,11,155,2026-08-29,2026-09-01,False
MY_174_LR,2,sub-01–04,1,12,12,43,2026-09-01,2026-09-02,False
MY_174_LR,2,sub-01–04,1,13,13,21,2026-09-02,2026-09-02,False
MY_174_LR,2,sub-01–04,1,14,14,31,2026-09-02,2026-09-02,True
MY_174_R,1,sub-01–04,1,1,1,66,2026-08-24,2026-08-25,True
MY_174_R,1,sub-01–04,1,2,2,26,2026-08-25,2026-08-26,False
MY_174_R,1,sub-01–04,1,3,3,68,2026-08-26,2026-08-29,False
MY_174_R,1,sub-01–04,1,4,4,100,2026-08-29,2026-08-31,False
MY_174_R,1,sub-01–04,1,5,5,30,2026-08-31,2026-08-31,False
MY_174_R,1,sub-01–04,1,6,6,66,2026-08-31,2026-09-02,False
MY_174_R,1,sub-01–04,1,7,7,57,2026-09-02,2026-09-02,False
MY_174_R,1,sub-01–04,1,8,8,73,2026-09-02,2026-09-03,False
MY_174_R,1,sub-01–04,1,9,9,47,2026-09-03,2026-09-03,False
MY_174_R,1,sub-01–04,1,10,10,94,2026-09-03,2026-09-08,False
MY_174_R,1,sub-01–04,1,11,11,51,2026-09-08,2026-09-08,False
MY_174_R,1,sub-01–04,1,12,12,153,2026-09-08,2026-09-11,False
MY_174_R,1,sub-01–04,1,13,13,32,2026-09-11,2026-09-11,False
MY_174_R,1,sub-01–04,1,14,14,16,2026-09-11,2026-09-11,False
MY_174_R,1,sub-01–04,1,15,15,46,2026-09-11,2026-09-14,False
MY_174_R,1,sub-01–04,1,16,16,6,2026-09-14,2026-09-14,False
MY_174_R,1,sub-01–04,1,17,17,25,2026-09-14,2026-09-14,True
MY_66_R,6,sub-05–08,1,1,1,37,2026-08-31,2026-09-01,True
MY_66_R,6,sub-05–08,1,2,2,70,2026-09-01,2026-09-02,False
MY_66_R,6,sub-05–08,1,3,3,61,2026-09-02,2026-09-03,False
MY_66_R,6,sub-05–08,1,4,4,104,2026-09-03,2026-09-08,False
MY_66_R,6,sub-05–08,1,5,5,29,2026-09-08,2026-09-09,False
MY_66_R,6,sub-05–08,1,6,6,11,2026-09-09,2026-09-09,False
MY_66_R,6,sub-05–08,1,7,7,95,2026-09-09,2026-09-10,False
MY_66_R,6,sub-05–08,1,8,8,43,2026-09-10,2026-09-11,False
MY_66_R,6,sub-05–08,1,9,9,59,2026-09-11,2026-09-14,False
MY_66_R,6,sub-05–08,1,10,10,49,2026-09-14,2026-09-15,False
MY_66_R,6,sub-05–08,1,11,11,67,2026-09-15,2026-09-16,False
MY_66_R,6,sub-05–08,1,12,12,46,2026-09-16,2026-09-17,False
MY_66_R,6,sub-05–08,1,13,13,113,2026-09-17,2026-09-18,False
MY_66_R,6,sub-05–08,1,14,14,6,2026-09-18,2026-09-18,True
MY_66_LL,8,sub-05–08,1,1,1,32,2026-08-31,2026-09-01,True
MY_66_LL,8,sub-05–08,1,2,2,54,2026-09-01,2026-09-02,False
MY_66_LL,8,sub-05–08,1,3,3,36,2026-09-02,2026-09-02,False
MY_66_LL,8,sub-05–08,1,4,4,37,2026-09-02,2026-09-02,False
MY_66_LL,8,sub-05–08,1,5,5,53,2026-09-02,2026-09-03,False
MY_66_LL,8,sub-05–08,1,6,6,41,2026-09-03,2026-09-08,False
MY_66_LL,8,sub-05–08,1,7,7,24,2026-09-08,2026-09-08,False
MY_66_LL,8,sub-05–08,1,8,8,6,2026-09-08,2026-09-08,False
MY_66_LL,8,sub-05–08,1,9,9,51,2026-09-08,2026-09-09,False
MY_66_LL,8,sub-05–08,1,10,10,52,2026-09-09,2026-09-10,False
MY_66_LL,8,sub-05–08,1,11,11,78,2026-09-10,2026-09-11,False
MY_66_LL,8,sub-05–08,1,12,12,47,2026-09-11,2026-09-14,False
MY_66_LL,8,sub-05–08,1,13,13,168,2026-09-14,2026-09-16,False
MY_66_LL,8,sub-05–08,1,14,14,50,2026-09-16,2026-09-17,False
MY_66_LL,8,sub-05–08,1,15,15,26,2026-09-17,2026-09-17,True
MY_66_LR,7,sub-05–08,1,1,1,38,2026-09-01,2026-09-02,True
MY_66_LR,7,sub-05–08,1,2,2,44,2026-09-02,2026-09-02,False
MY_66_LR,7,sub-05–08,1,3,3,63,2026-09-02,2026-09-03,False
MY_66_LR,7,sub-05–08,1,4,4,20,2026-09-03,2026-09-08,False
MY_66_LR,7,sub-05–08,1,5,5,64,2026-09-08,2026-09-09,False
MY_66_LR,7,sub-05–08,1,6,6,6,2026-09-09,2026-09-09,False
MY_66_LR,7,sub-05–08,1,7,7,37,2026-09-09,2026-09-09,False
MY_66_LR,7,sub-05–08,1,8,8,130,2026-09-09,2026-09-14,False
MY_66_LR,7,sub-05–08,1,9,9,21,2026-09-14,2026-09-15,False
MY_66_LR,7,sub-05–08,1,10,10,9,2026-09-15,2026-09-15,False
MY_66_LR,7,sub-05–08,1,11,11,90,2026-09-15,2026-09-16,False
MY_66_LR,7,sub-05–08,1,12,12,55,2026-09-16,2026-09-17,False
MY_66_LR,7,sub-05–08,1,13,13,29,2026-09-17,2026-09-17,True
MY_66_N,5,sub-05–08,2,1,1,14,2026-09-18,2026-09-18,True
MY_66_N,5,sub-05–08,2,2,2,23,2026-09-18,2026-09-19,False
MY_66_N,5,sub-05–08,2,3,3,11,2026-09-19,2026-09-19,False
MY_66_N,5,sub-05–08,2,4,4,53,2026-09-19,2026-09-19,False
MY_66_N,5,sub-05–08,2,5,5,27,2026-09-19,2026-09-20,False
MY_66_N,5,sub-05–08,2,6,6,167,2026-09-20,2026-09-22,False
MY_66_N,5,sub-05–08,2,7,7,25,2026-09-22,2026-09-23,False
MY_66_N,5,sub-05–08,2,8,8,55,2026-09-23,2026-09-24,False
MY_66_N,5,sub-05–08,2,9,9,32,2026-09-24,2026-09-24,False
MY_66_N,5,sub-05–08,2,10,10,36,2026-09-24,2026-09-25,False
MY_66_N,5,sub-05–08,2,11,11,24,2026-09-25,2026-09-25,True
MY_175_L,4,sub-01–04,2,1,1,37,2026-09-08,2026-09-09,True
MY_175_L,4,sub-01–04,2,2,2,78,2026-09-09,2026-09-09,False
MY_175_L,4,sub-01–04,2,3,3,69,2026-09-09,2026-09-10,False
MY_175_L,4,sub-01–04,2,4,4,59,2026-09-10,2026-09-11,False
MY_175_L,4,sub-01–04,2,5,5,22,2026-09-11,2026-09-14,False
MY_175_L,4,sub-01–04,2,6,6,33,2026-09-14,2026-09-14,False
MY_175_L,4,sub-01–04,2,7,7,46,2026-09-14,2026-09-15,False
MY_175_L,4,sub-01–04,2,8,8,30,2026-09-15,2026-09-15,False
MY_175_L,4,sub-01–04,2,9,9,16,2026-09-15,2026-09-15,False
MY_175_L,4,sub-01–04,2,10,10,65,2026-09-15,2026-09-16,False
MY_175_L,4,sub-01–04,2,11,11,41,2026-09-16,2026-09-16,False
MY_175_L,4,sub-01–04,2,12,12,16,2026-09-16,2026-09-16,False
MY_175_L,4,sub-01–04,2,13,13,7,2026-09-16,2026-09-16,True
MY_175_N,3,sub-01–04,2,1,1,19,2026-09-09,2026-09-09,True
MY_175_N,3,sub-01–04,2,2,2,73,2026-09-09,2026-09-10,False
MY_175_N,3,sub-01–04,2,3,3,35,2026-09-10,2026-09-10,False
MY_175_N,3,sub-01–04,2,4,4,50,2026-09-10,2026-09-11,False
MY_175_N,3,sub-01–04,2,5,5,22,2026-09-11,2026-09-11,False
MY_175_N,3,sub-01–04,2,6,6,89,2026-09-11,2026-09-17,False
MY_175_N,3,sub-01–04,2,7,7,43,2026-09-17,2026-09-17,False
MY_175_N,3,sub-01–04,2,8,8,8,2026-09-17,2026-09-17,False
MY_175_N,3,sub-01–04,2,9,9,39,2026-09-17,2026-09-18,False
MY_175_N,3,sub-01–04,2,10,10,63,2026-09-18,2026-09-18,False
MY_175_N,3,sub-01–04,2,11,11,6,2026-09-18,2026-09-18,False
MY_175_N,3,sub-01–04,2,12,12,47,2026-09-18,2026-09-18,False
MY_175_N,3,sub-01–04,2,13,13,71,2026-09-18,2026-09-19,False
MY_175_N,3,sub-01–04,2,14,14,8,2026-09-19,2026-09-19,False
MY_175_N,3,sub-01–04,2,15,15,11,2026-09-19,2026-09-19,False
MY_175_N,3,sub-01–04,2,16,16,20,2026-09-19,2026-09-19,False
MY_175_N,3,sub-01–04,2,17,17,6,2026-09-19,2026-09-19,False
MY_175_N,3,sub-01–04,2,18,18,37,2026-09-19,2026-09-19,False
MY_175_N,3,sub-01–04,2,19,19,16,2026-09-19,2026-09-19,False
MY_175_N,3,sub-01–04,2,20,20,23,2026-09-19,2026-09-19,False
MY_175_N,3,sub-01–04,2,21,21,26,2026-09-19,2026-09-19,True
MY_174_LR,2,sub-01–04,2,1,1,35,2026-09-03,2026-09-03,True
MY_174_LR,2,sub-01–04,2,2,2,28,2026-09-03,2026-09-03,False
MY_174_LR,2,sub-01–04,2,3,3,67,2026-09-03,2026-09-08,False
MY_174_LR,2,sub-01–04,2,4,4,80,2026-09-08,2026-09-08,False
MY_174_LR,2,sub-01–04,2,5,5,23,2026-09-08,2026-09-08,False
MY_174_LR,2,sub-01–04,2,6,6,27,2026-09-08,2026-09-09,False
MY_174_LR,2,sub-01–04,2,7,7,37,2026-09-09,2026-09-09,False
MY_174_LR,2,sub-01–04,2,8,8,62,2026-09-09,2026-09-09,False
MY_174_LR,2,sub-01–04,2,9,9,77,2026-09-09,2026-09-10,False
MY_174_LR,2,sub-01–04,2,10,10,116,2026-09-10,2026-09-11,False
MY_174_LR,2,sub-01–04,2,11,11,26,2026-09-11,2026-09-11,False
MY_174_LR,2,sub-01–04,2,12,12,94,2026-09-11,2026-09-15,False
MY_174_LR,2,sub-01–04,2,13,13,24,2026-09-15,2026-09-15,False
MY_174_LR,2,sub-01–04,2,14,14,38,2026-09-15,2026-09-15,False
MY_174_LR,2,sub-01–04,2,15,15,10,2026-09-15,2026-09-15,False
MY_174_LR,2,sub-01–04,2,16,16,30,2026-09-15,2026-09-15,False
MY_174_LR,2,sub-01–04,2,17,17,3,2026-09-15,2026-09-15,True
MY_174_R,1,sub-01–04,2,1,1,97,2026-09-16,2026-09-17,True
MY_174_R,1,sub-01–04,2,2,2,36,2026-09-17,2026-09-18,False
MY_174_R,1,sub-01–04,2,3,3,120,2026-09-18,2026-09-19,False
MY_174_R,1,sub-01–04,2,4,4,19,2026-09-19,2026-09-19,False
MY_174_R,1,sub-01–04,2,5,5,33,2026-09-19,2026-09-19,False
MY_174_R,1,sub-01–04,2,6,6,15,2026-09-19,2026-09-19,False
MY_174_R,1,sub-01–04,2,7,7,22,2026-09-19,2026-09-19,False
MY_174_R,1,sub-01–04,2,8,8,9,2026-09-20,2026-09-20,False
MY_174_R,1,sub-01–04,2,9,9,35,2026-09-20,2026-09-20,False
MY_174_R,1,sub-01–04,2,10,10,118,2026-09-20,2026-09-21,False
MY_174_R,1,sub-01–04,2,11,11,107,2026-09-21,2026-09-21,False
MY_174_R,1,sub-01–04,2,12,12,18,2026-09-21,2026-09-22,False
MY_174_R,1,sub-01–04,2,13,13,12,2026-09-22,2026-09-22,False
MY_174_R,1,sub-01–04,2,14,14,13,2026-09-22,2026-09-22,False
MY_174_R,1,sub-01–04,2,15,15,9,2026-09-22,2026-09-22,False
MY_174_R,1,sub-01–04,2,16,16,22,2026-09-22,2026-09-22,False
MY_174_R,1,sub-01–04,2,17,17,63,2026-09-22,2026-09-22,False
MY_174_R,1,sub-01–04,2,18,18,28,2026-09-22,2026-09-23,False
MY_174_R,1,sub-01–04,2,19,19,8,2026-09-23,2026-09-23,False
MY_174_R,1,sub-01–04,2,20,20,13,2026-09-23,2026-09-23,False
MY_174_R,1,sub-01–04,2,21,21,61,2026-09-23,2026-09-23,False
MY_174_R,1,sub-01–04,2,22,22,25,2026-09-23,2026-09-23,False
MY_174_R,1,sub-01–04,2,23,23,18,2026-09-23,2026-09-23,True
MY_66_R,6,sub-05–08,2,1,1,17,2026-09-19,2026-09-19,True
MY_66_R,6,sub-05–08,2,2,2,22,2026-09-19,2026-09-19,False
MY_66_R,6,sub-05–08,2,3,3,83,2026-09-19,2026-09-19,False
MY_66_R,6,sub-05–08,2,4,4,47,2026-09-19,2026-09-20,False
MY_66_R,6,sub-05–08,2,5,5,37,2026-09-20,2026-09-21,False
MY_66_R,6,sub-05–08,2,6,6,78,2026-09-21,2026-09-22,False
MY_66_R,6,sub-05–08,2,7,7,22,2026-09-22,2026-09-22,False
MY_66_R,6,sub-05–08,2,8,8,52,2026-09-22,2026-09-23,False
MY_66_R,6,sub-05–08,2,9,9,23,2026-09-23,2026-09-23,False
MY_66_R,6,sub-05–08,2,10,10,49,2026-09-23,2026-09-24,False
MY_66_R,6,sub-05–08,2,11,11,6,2026-09-24,2026-09-24,False
MY_66_R,6,sub-05–08,2,12,12,36,2026-09-24,2026-09-24,False
MY_66_R,6,sub-05–08,2,13,13,38,2026-09-24,2026-09-25,False
MY_66_R,6,sub-05–08,2,14,14,6,2026-09-25,2026-09-25,False
MY_66_R,6,sub-05–08,2,15,15,40,2026-09-25,2026-09-25,False
MY_66_R,6,sub-05–08,2,16,16,3,2026-09-25,2026-09-25,True
MY_66_LL,8,sub-05–08,2,1,1,12,2026-09-18,2026-09-18,True
MY_66_LL,8,sub-05–08,2,2,2,186,2026-09-18,2026-09-19,False
MY_66_LL,8,sub-05–08,2,3,3,79,2026-09-19,2026-09-21,False
MY_66_LL,8,sub-05–08,2,4,4,90,2026-09-21,2026-09-22,False
MY_66_LL,8,sub-05–08,2,5,5,43,2026-09-22,2026-09-23,False
MY_66_LL,8,sub-05–08,2,6,6,14,2026-09-23,2026-09-23,False
MY_66_LL,8,sub-05–08,2,7,7,114,2026-09-23,2026-09-25,False
MY_66_LL,8,sub-05–08,2,8,8,36,2026-09-25,2026-09-25,True
MY_66_LR,7,sub-05–08,2,1,1,23,2026-09-18,2026-09-18,True
MY_66_LR,7,sub-05–08,2,2,2,42,2026-09-18,2026-09-18,False
MY_66_LR,7,sub-05–08,2,3,3,186,2026-09-18,2026-09-22,False
MY_66_LR,7,sub-05–08,2,4,4,40,2026-09-22,2026-09-23,False
MY_66_LR,7,sub-05–08,2,5,5,51,2026-09-23,2026-09-24,False
MY_66_LR,7,sub-05–08,2,6,6,16,2026-09-24,2026-09-24,False
MY_66_LR,7,sub-05–08,2,7,7,37,2026-09-24,2026-09-25,False
MY_66_LR,7,sub-05–08,2,8,8,48,2026-09-25,2026-09-25,True
MY_175_L,4,sub-01–04,3,1,1,31,2026-09-17,2026-09-17,True
MY_175_L,4,sub-01–04,3,2,2,77,2026-09-17,2026-09-18,False
MY_175_L,4,sub-01–04,3,3,3,26,2026-09-18,2026-09-18,False
MY_175_L,4,sub-01–04,3,4,4,58,2026-09-18,2026-09-18,False
MY_175_L,4,sub-01–04,3,5,5,152,2026-09-18,2026-09-19,False
MY_175_L,4,sub-01–04,3,6,6,61,2026-09-19,2026-09-19,False
MY_175_L,4,sub-01–04,3,7,7,75,2026-09-19,2026-09-19,False
MY_175_L,4,sub-01–04,3,8,8,78,2026-09-19,2026-09-19,False
MY_175_L,4,sub-01–04,3,9,9,29,2026-09-19,2026-09-20,False
MY_175_L,4,sub-01–04,3,10,10,6,2026-09-20,2026-09-20,False
MY_175_L,4,sub-01–04,3,11,11,52,2026-09-20,2026-09-20,False
MY_175_L,4,sub-01–04,3,12,12,30,2026-09-20,2026-09-20,False
MY_175_L,4,sub-01–04,3,13,13,37,2026-09-20,2026-09-20,False
MY_175_L,4,sub-01–04,3,14,14,5,2026-09-20,2026-09-20,True
MY_175_N,3,sub-01–04,3,1,1,34,2026-09-20,2026-09-20,True
MY_175_N,3,sub-01–04,3,2,2,37,2026-09-20,2026-09-20,False
MY_175_N,3,sub-01–04,3,3,3,19,2026-09-20,2026-09-20,False
MY_175_N,3,sub-01–04,3,4,4,36,2026-09-20,2026-09-20,False
MY_175_N,3,sub-01–04,3,5,5,16,2026-09-20,2026-09-20,False
MY_175_N,3,sub-01–04,3,6,6,23,2026-09-20,2026-09-20,False
MY_175_N,3,sub-01–04,3,7,7,15,2026-09-20,2026-09-21,False
MY_175_N,3,sub-01–04,3,8,8,13,2026-09-21,2026-09-21,False
MY_175_N,3,sub-01–04,3,9,9,10,2026-09-21,2026-09-21,False
MY_175_N,3,sub-01–04,3,10,10,19,2026-09-21,2026-09-21,False
MY_175_N,3,sub-01–04,3,11,11,7,2026-09-21,2026-09-21,False
MY_175_N,3,sub-01–04,3,12,12,32,2026-09-21,2026-09-21,False
MY_175_N,3,sub-01–04,3,13,13,28,2026-09-21,2026-09-21,False
MY_175_N,3,sub-01–04,3,14,14,21,2026-09-21,2026-09-21,False
MY_175_N,3,sub-01–04,3,15,15,13,2026-09-21,2026-09-21,True
MY_174_LR,2,sub-01–04,3,1,1,25,2026-09-16,2026-09-16,True
MY_174_LR,2,sub-01–04,3,2,2,78,2026-09-16,2026-09-17,False
MY_174_LR,2,sub-01–04,3,3,3,30,2026-09-17,2026-09-18,False
MY_174_LR,2,sub-01–04,3,4,4,76,2026-09-18,2026-09-18,False
MY_174_LR,2,sub-01–04,3,5,5,72,2026-09-18,2026-09-18,False
MY_174_LR,2,sub-01–04,3,6,6,38,2026-09-18,2026-09-18,False
MY_174_LR,2,sub-01–04,3,7,7,56,2026-09-18,2026-09-19,False
MY_174_LR,2,sub-01–04,3,8,8,43,2026-09-19,2026-09-19,False
MY_174_LR,2,sub-01–04,3,9,9,30,2026-09-19,2026-09-19,False
MY_174_LR,2,sub-01–04,3,10,10,133,2026-09-19,2026-09-20,False
MY_174_LR,2,sub-01–04,3,11,11,34,2026-09-20,2026-09-20,False
MY_174_LR,2,sub-01–04,3,12,12,57,2026-09-20,2026-09-21,False
MY_174_LR,2,sub-01–04,3,13,13,62,2026-09-21,2026-09-21,False
MY_174_LR,2,sub-01–04,3,14,14,46,2026-09-21,2026-09-21,False
MY_174_LR,2,sub-01–04,3,15,15,19,2026-09-21,2026-09-22,False
MY_174_LR,2,sub-01–04,3,16,16,200,2026-09-22,2026-09-22,False
MY_174_LR,2,sub-01–04,3,17,17,9,2026-09-22,2026-09-23,False
MY_174_LR,2,sub-01–04,3,18,18,27,2026-09-23,2026-09-23,False
MY_174_LR,2,sub-01–04,3,19,19,50,2026-09-23,2026-09-23,True
MY_174_R,1,sub-01–04,3,1,1,33,2026-09-24,2026-09-25,True
MY_174_R,1,sub-01–04,3,2,2,30,2026-09-25,2026-09-25,False
MY_174_R,1,sub-01–04,3,3,3,27,2026-09-25,2026-09-25,False
MY_174_R,1,sub-01–04,3,4,4,21,2026-09-25,2026-09-25,False
MY_174_R,1,sub-01–04,3,5,5,26,2026-09-25,2026-09-25,False
MY_174_R,1,sub-01–04,3,6,6,15,2026-09-25,2026-09-25,True
MY_175_L,4,sub-01–04,4,1,1,33,2026-09-22,2026-09-22,True
MY_175_L,4,sub-01–04,4,2,2,63,2026-09-22,2026-09-22,False
MY_175_L,4,sub-01–04,4,3,3,34,2026-09-22,2026-09-22,False
MY_175_L,4,sub-01–04,4,4,4,30,2026-09-22,2026-09-23,False
MY_175_L,4,sub-01–04,4,5,5,38,2026-09-23,2026-09-23,False
MY_175_L,4,sub-01–04,4,6,6,35,2026-09-23,2026-09-23,False
MY_175_L,4,sub-01–04,4,7,7,35,2026-09-23,2026-09-23,False
MY_175_L,4,sub-01–04,4,8,8,35,2026-09-23,2026-09-24,False
MY_175_L,4,sub-01–04,4,9,9,35,2026-09-24,2026-09-25,False
MY_175_L,4,sub-01–04,4,10,10,35,2026-09-25,2026-09-25,False
MY_175_L,4,sub-01–04,4,11,11,33,2026-09-25,2026-09-25,False
MY_175_L,4,sub-01–04,4,12,12,1,2026-09-25,2026-09-25,True
MY_175_N,3,sub-01–04,4,1,1,30,2026-09-22,2026-09-22,True
MY_175_N,3,sub-01–04,4,2,2,40,2026-09-22,2026-09-22,False
MY_175_N,3,sub-01–04,4,3,3,40,2026-09-22,2026-09-22,False
MY_175_N,3,sub-01–04,4,4,4,38,2026-09-22,2026-09-23,False
MY_175_N,3,sub-01–04,4,5,5,32,2026-09-23,2026-09-23,False
MY_175_N,3,sub-01–04,4,6,6,69,2026-09-23,2026-09-23,False
MY_175_N,3,sub-01–04,4,7,7,31,2026-09-23,2026-09-23,False
MY_175_N,3,sub-01–04,4,8,8,30,2026-09-23,2026-09-24,False
MY_175_N,3,sub-01–04,4,9,9,37,2026-09-24,2026-09-24,False
MY_175_N,3,sub-01–04,4,10,10,30,2026-09-24,2026-09-25,False
MY_175_N,3,sub-01–04,4,11,11,20,2026-09-25,2026-09-25,True
MY_174_LR,2,sub-01–04,4,1,1,33,2026-09-23,2026-09-23,True
MY_174_LR,2,sub-01–04,4,2,2,30,2026-09-23,2026-09-24,False
MY_174_LR,2,sub-01–04,4,3,3,30,2026-09-24,2026-09-24,False
MY_174_LR,2,sub-01–04,4,4,4,31,2026-09-24,2026-09-25,False
MY_174_LR,2,sub-01–04,4,5,5,31,2026-09-25,2026-09-25,False
MY_174_LR,2,sub-01–04,4,6,6,40,2026-09-25,2026-09-25,False
MY_174_LR,2,sub-01–04,4,7,7,42,2026-09-25,2026-09-25,False
MY_174_LR,2,sub-01–04,4,8,8,15,2026-09-25,2026-09-25,True
