problem,mouse,trials
1,MY_174_LR,47.642857142857146
1,MY_174_R,56.23529411764706
1,MY_175_L,62.0
1,MY_175_N,43.666666666666664
1,MY_66_LL,50.333333333333336
1,MY_66_LR,46.61538461538461
1,MY_66_N,44.53333333333333
1,MY_66_R,56.42857142857143
2,MY_174_LR,45.705882352941174
2,MY_174_R,39.17391304347826
2,MY_175_L,39.92307692307692
2,MY_175_N,33.904761904761905
2,MY_66_LL,71.75
2,MY_66_LR,55.375
2,MY_66_N,42.45454545454545
2,MY_66_R,34.9375
3,MY_174_LR,57.10526315789474
3,MY_174_R,25.333333333333332
3,MY_175_L,51.214285714285715
3,MY_175_N,21.533333333333335
4,MY_174_LR,31.5
4,MY_175_L,33.916666666666664
4,MY_175_N,36.09090909090909
