mouse,subject_number,group,problem,session,date,trials
MY_66_N,5,sub-05–08,1,ses-14_date-20260901,2026-09-01,2
MY_66_N,5,sub-05–08,1,ses-15_date-20260901,2026-09-01,20
MY_66_N,5,sub-05–08,1,ses-16_date-20260902,2026-09-02,14
MY_66_N,5,sub-05–08,1,ses-17_date-20260902,2026-09-02,23
MY_66_N,5,sub-05–08,1,ses-18_date-20260903,2026-09-03,36
MY_66_N,5,sub-05–08,1,ses-19_date-20260903,2026-09-03,59
MY_66_N,5,sub-05–08,1,ses-20_date-20260908,2026-09-08,39
MY_66_N,5,sub-05–08,1,ses-21_date-20260908,2026-09-08,47
MY_66_N,5,sub-05–08,1,ses-22_date-20260909,2026-09-09,36
MY_66_N,5,sub-05–08,1,ses-23_date-20260909,2026-09-09,25
MY_66_N,5,sub-05–08,1,ses-24_date-20260910,2026-09-10,32
MY_66_N,5,sub-05–08,1,ses-25_date-20260910,2026-09-10,8
MY_66_N,5,sub-05–08,1,ses-26_date-20260911,2026-09-11,7
MY_66_N,5,sub-05–08,1,ses-27_date-20260911,2026-09-11,26
MY_66_N,5,sub-05–08,1,ses-28_date-20260914,2026-09-14,36
MY_66_N,5,sub-05–08,1,ses-29_date-20260914,2026-09-14,46
MY_66_N,5,sub-05–08,1,ses-30_date-20260915,2026-09-15,53
MY_66_N,5,sub-05–08,1,ses-31_date-20260915,2026-09-15,20
MY_66_N,5,sub-05–08,1,ses-32_date-20260916,2026-09-16,28
MY_66_N,5,sub-05–08,1,ses-33_date-20260916,2026-09-16,50
MY_66_N,5,sub-05–08,1,ses-34_date-20260917,2026-09-17,31
MY_66_N,5,sub-05–08,1,ses-35_date-20260917,2026-09-17,30
MY_175_L,4,sub-01–04,1,ses-9_date-20260820,2026-08-20,4
MY_175_L,4,sub-01–04,1,ses-10_date-20260821,2026-08-21,16
MY_175_L,4,sub-01–04,1,ses-11_date-20260821,2026-08-21,20
MY_175_L,4,sub-01–04,1,ses-12_date-20260824,2026-08-24,24
MY_175_L,4,sub-01–04,1,ses-13_date-20260824,2026-08-24,17
MY_175_L,4,sub-01–04,1,ses-14_date-20260825,2026-08-25,21
MY_175_L,4,sub-01–04,1,ses-15_date-20260825,2026-08-25,17
MY_175_L,4,sub-01–04,1,ses-16_date-20260826,2026-08-26,56
MY_175_L,4,sub-01–04,1,ses-17_date-20260826,2026-08-26,59
MY_175_L,4,sub-01–04,1,ses-18_date-20260827,2026-08-27,41
MY_175_L,4,sub-01–04,1,ses-19_date-20260827,2026-08-27,48
MY_175_L,4,sub-01–04,1,ses-20_date-20260828,2026-08-28,13
MY_175_L,4,sub-01–04,1,ses-21_date-20260828,2026-08-28,69
MY_175_L,4,sub-01–04,1,ses-22_date-20260829,2026-08-29,65
MY_175_L,4,sub-01–04,1,ses-23_date-20260829,2026-08-29,58
MY_175_L,4,sub-01–04,1,ses-24_date-20260831,2026-08-31,56
MY_175_L,4,sub-01–04,1,ses-25_date-20260831,2026-08-31,46
MY_175_L,4,sub-01–04,1,ses-26_date-20260901,2026-09-01,46
MY_175_L,4,sub-01–04,1,ses-27_date-20260901,2026-09-01,78
MY_175_L,4,sub-01–04,1,ses-28_date-20260902,2026-09-02,45
MY_175_L,4,sub-01–04,1,ses-29_date-20260902,2026-09-02,76
MY_175_L,4,sub-01–04,1,ses-30_date-20260903,2026-09-03,52
MY_175_L,4,sub-01–04,1,ses-31_date-20260903,2026-09-03,51
MY_175_L,4,sub-01–04,1,ses-32_date-20260908,2026-09-08,76
MY_175_N,3,sub-01–04,1,ses-11_date-20260821,2026-08-21,5
MY_175_N,3,sub-01–04,1,ses-12_date-20260824,2026-08-24,18
MY_175_N,3,sub-01–04,1,ses-13_date-20260824,2026-08-24,24
MY_175_N,3,sub-01–04,1,ses-14_date-20260825,2026-08-25,14
MY_175_N,3,sub-01–04,1,ses-15_date-20260825,2026-08-25,16
MY_175_N,3,sub-01–04,1,ses-16_date-20260826,2026-08-26,8
MY_175_N,3,sub-01–04,1,ses-17_date-20260826,2026-08-26,14
MY_175_N,3,sub-01–04,1,ses-18_date-20260827,2026-08-27,2
MY_175_N,3,sub-01–04,1,ses-19_date-20260827,2026-08-27,28
MY_175_N,3,sub-01–04,1,ses-20_date-20260828,2026-08-28,14
MY_175_N,3,sub-01–04,1,ses-21_date-20260828,2026-08-28,15
MY_175_N,3,sub-01–04,1,ses-22_date-20260829,2026-08-29,8
MY_175_N,3,sub-01–04,1,ses-23_date-20260829,2026-08-29,58
MY_175_N,3,sub-01–04,1,ses-24_date-20260831,2026-08-31,30
MY_175_N,3,sub-01–04,1,ses-25_date-20260831,2026-08-31,54
MY_175_N,3,sub-01–04,1,ses-26_date-20260901,2026-09-01,23
MY_175_N,3,sub-01–04,1,ses-27_date-20260901,2026-09-01,47
MY_175_N,3,sub-01–04,1,ses-28_date-20260902,2026-09-02,27
MY_175_N,3,sub-01–04,1,ses-29_date-20260902,2026-09-02,45
MY_175_N,3,sub-01–04,1,ses-30_date-20260903,2026-09-03,55
MY_175_N,3,sub-01–04,1,ses-31_date-20260903,2026-09-03,78
MY_175_N,3,sub-01–04,1,ses-32_date-20260908,2026-09-08,41
MY_175_N,3,sub-01–04,1,ses-33_date-20260908,2026-09-08,31
MY_174_LR,2,sub-01–04,1,ses-12_date-20260824,2026-08-24,19
MY_174_LR,2,sub-01–04,1,ses-13_date-20260824,2026-08-24,24
MY_174_LR,2,sub-01–04,1,ses-14_date-20260825,2026-08-25,30
MY_174_LR,2,sub-01–04,1,ses-15_date-20260825,2026-08-25,23
MY_174_LR,2,sub-01–04,1,ses-16_date-20260826,2026-08-26,57
MY_174_LR,2,sub-01–04,1,ses-17_date-20260826,2026-08-26,42
MY_174_LR,2,sub-01–04,1,ses-18_date-20260827,2026-08-27,29
MY_174_LR,2,sub-01–04,1,ses-19_date-20260827,2026-08-27,36
MY_174_LR,2,sub-01–04,1,ses-20_date-20260828,2026-08-28,57
MY_174_LR,2,sub-01–04,1,ses-21_date-20260828,2026-08-28,37
MY_174_LR,2,sub-01–04,1,ses-22_date-20260829,2026-08-29,31
MY_174_LR,2,sub-01–04,1,ses-23_date-20260829,2026-08-29,33
MY_174_LR,2,sub-01–04,1,ses-24_date-20260831,2026-08-31,56
MY_174_LR,2,sub-01–04,1,ses-25_date-20260831,2026-08-31,47
MY_174_LR,2,sub-01–04,1,ses-26_date-20260901,2026-09-01,30
MY_174_LR,2,sub-01–04,1,ses-27_date-20260901,2026-09-01,34
MY_174_LR,2,sub-01–04,1,ses-28_date-20260902,2026-09-02,20
MY_174_LR,2,sub-01–04,1,ses-29_date-20260902,2026-09-02,62
MY_174_R,1,sub-01–04,1,ses-12_date-20260824,2026-08-24,13
MY_174_R,1,sub-01–04,1,ses-13_date-20260824,2026-08-24,26
MY_174_R,1,sub-01–04,1,ses-14_date-20260825,2026-08-25,16
MY_174_R,1,sub-01–04,1,ses-15_date-20260825,2026-08-25,18
MY_174_R,1,sub-01–04,1,ses-16_date-20260826,2026-08-26,11
MY_174_R,1,sub-01–04,1,ses-17_date-20260826,2026-08-26,9
MY_174_R,1,sub-01–04,1,ses-18_date-20260827,2026-08-27,13
MY_174_R,1,sub-01–04,1,ses-19_date-20260827,2026-08-27,18
MY_174_R,1,sub-01–04,1,ses-20_date-20260828,2026-08-28,12
MY_174_R,1,sub-01–04,1,ses-21_date-20260828,2026-08-28,3
MY_174_R,1,sub-01–04,1,ses-22_date-20260829,2026-08-29,12
MY_174_R,1,sub-01–04,1,ses-23_date-20260829,2026-08-29,44
MY_174_R,1,sub-01–04,1,ses-24_date-20260831,2026-08-31,44
MY_174_R,1,sub-01–04,1,ses-25_date-20260831,2026-08-31,52
MY_174_R,1,sub-01–04,1,ses-26_date-20260901,2026-09-01,22
MY_174_R,1,sub-01–04,1,ses-27_date-20260901,2026-09-01,25
MY_174_R,1,sub-01–04,1,ses-28_date-20260902,2026-09-02,30
MY_174_R,1,sub-01–04,1,ses-29_date-20260902,2026-09-02,77
MY_174_R,1,sub-01–04,1,ses-30_date-20260903,2026-09-03,50
MY_174_R,1,sub-01–04,1,ses-31_date-20260903,2026-09-03,70
MY_174_R,1,sub-01–04,1,ses-32_date-20260908,2026-09-08,63
MY_174_R,1,sub-01–04,1,ses-33_date-20260908,2026-09-08,52
MY_174_R,1,sub-01–04,1,ses-34_date-20260909,2026-09-09,61
MY_174_R,1,sub-01–04,1,ses-35_date-20260909,2026-09-09,33
MY_174_R,1,sub-01–04,1,ses-36_date-20260910,2026-09-10,30
MY_174_R,1,sub-01–04,1,ses-37_date-20260910,2026-09-10,20
MY_174_R,1,sub-01–04,1,ses-38_date-20260911,2026-09-11,44
MY_174_R,1,sub-01–04,1,ses-39_date-20260911,2026-09-11,31
MY_174_R,1,sub-01–04,1,ses-40_date-20260914,2026-09-14,57
MY_66_R,6,sub-05–08,1,ses-12_date-20260831,2026-08-31,7
MY_66_R,6,sub-05–08,1,ses-13_date-20260831,2026-08-31,11
MY_66_R,6,sub-05–08,1,ses-14_date-20260901,2026-09-01,28
MY_66_R,6,sub-05–08,1,ses-15_date-20260901,2026-09-01,17
MY_66_R,6,sub-05–08,1,ses-16_date-20260902,2026-09-02,39
MY_66_R,6,sub-05–08,1,ses-17_date-20260902,2026-09-02,45
MY_66_R,6,sub-05–08,1,ses-18_date-20260903,2026-09-03,26
MY_66_R,6,sub-05–08,1,ses-19_date-20260903,2026-09-03,34
MY_66_R,6,sub-05–08,1,ses-20_date-20260908,2026-09-08,30
MY_66_R,6,sub-05–08,1,ses-21_date-20260908,2026-09-08,45
MY_66_R,6,sub-05–08,1,ses-22_date-20260909,2026-09-09,53
MY_66_R,6,sub-05–08,1,ses-23_date-20260909,2026-09-09,48
MY_66_R,6,sub-05–08,1,ses-24_date-20260910,2026-09-10,16
MY_66_R,6,sub-05–08,1,ses-25_date-20260910,2026-09-10,43
MY_66_R,6,sub-05–08,1,ses-26_date-20260911,2026-09-11,33
MY_66_R,6,sub-05–08,1,ses-27_date-20260911,2026-09-11,11
MY_66_R,6,sub-05–08,1,ses-28_date-20260914,2026-09-14,33
MY_66_R,6,sub-05–08,1,ses-29_date-20260914,2026-09-14,20
MY_66_R,6,sub-05–08,1,ses-30_date-20260915,2026-09-15,47
MY_66_R,6,sub-05–08,1,ses-31_date-20260915,2026-09-15,16
MY_66_R,6,sub-05–08,1,ses-32_date-20260916,2026-09-16,34
MY_66_R,6,sub-05–08,1,ses-33_date-20260916,2026-09-16,17
MY_66_R,6,sub-05–08,1,ses-34_date-20260917,2026-09-17,39
MY_66_R,6,sub-05–08,1,ses-35_date-20260917,2026-09-17,56
MY_66_R,6,sub-05–08,1,ses-36_date-20260918,2026-09-18,42
MY_66_LL,8,sub-05–08,1,ses-12_date-20260831,2026-08-31,16
MY_66_LL,8,sub-05–08,1,ses-13_date-20260831,2026-08-31,9
MY_66_LL,8,sub-05–08,1,ses-14_date-20260901,2026-09-01,23
MY_66_LL,8,sub-05–08,1,ses-15_date-20260901,2026-09-01,15
MY_66_LL,8,sub-05–08,1,ses-16_date-20260902,2026-09-02,25
MY_66_LL,8,sub-05–08,1,ses-17_date-20260902,2026-09-02,82
MY_66_LL,8,sub-05–08,1,ses-18_date-20260903,2026-09-03,25
MY_66_LL,8,sub-05–08,1,ses-19_date-20260903,2026-09-03,36
MY_66_LL,8,sub-05–08,1,ses-20_date-20260908,2026-09-08,26
MY_66_LL,8,sub-05–08,1,ses-21_date-20260908,2026-09-08,38
MY_66_LL,8,sub-05–08,1,ses-22_date-20260909,2026-09-09,39
MY_66_LL,8,sub-05–08,1,ses-23_date-20260909,2026-09-09,29
MY_66_LL,8,sub-05–08,1,ses-24_date-20260910,2026-09-10,25
MY_66_LL,8,sub-05–08,1,ses-25_date-20260910,2026-09-10,49
MY_66_LL,8,sub-05–08,1,ses-26_date-20260911,2026-09-11,30
MY_66_LL,8,sub-05–08,1,ses-27_date-20260911,2026-09-11,36
MY_66_LL,8,sub-05–08,1,ses-28_date-20260914,2026-09-14,20
MY_66_LL,8,sub-05–08,1,ses-29_date-20260914,2026-09-14,25
MY_66_LL,8,sub-05–08,1,ses-30_date-20260915,2026-09-15,41
MY_66_LL,8,sub-05–08,1,ses-31_date-20260915,2026-09-15,24
MY_66_LL,8,sub-05–08,1,ses-32_date-20260916,2026-09-16,36
MY_66_LL,8,sub-05–08,1,ses-33_date-20260916,2026-09-16,49
MY_66_LL,8,sub-05–08,1,ses-34_date-20260917,2026-09-17,44
MY_66_LL,8,sub-05–08,1,ses-35_date-20260917,2026-09-17,13
MY_66_LR,7,sub-05–08,1,ses-15_date-20260901,2026-09-01,23
MY_66_LR,7,sub-05–08,1,ses-16_date-20260902,2026-09-02,31
MY_66_LR,7,sub-05–08,1,ses-17_date-20260902,2026-09-02,49
MY_66_LR,7,sub-05–08,1,ses-18_date-20260903,2026-09-03,26
MY_66_LR,7,sub-05–08,1,ses-19_date-20260903,2026-09-03,21
MY_66_LR,7,sub-05–08,1,ses-20_date-20260908,2026-09-08,25
MY_66_LR,7,sub-05–08,1,ses-21_date-20260908,2026-09-08,37
MY_66_LR,7,sub-05–08,1,ses-22_date-20260909,2026-09-09,40
MY_66_LR,7,sub-05–08,1,ses-23_date-20260909,2026-09-09,27
MY_66_LR,7,sub-05–08,1,ses-24_date-20260910,2026-09-10,16
MY_66_LR,7,sub-05–08,1,ses-25_date-20260910,2026-09-10,37
MY_66_LR,7,sub-05–08,1,ses-26_date-20260911,2026-09-11,10
MY_66_LR,7,sub-05–08,1,ses-27_date-20260911,2026-09-11,6
MY_66_LR,7,sub-05–08,1,ses-28_date-20260914,2026-09-14,22
MY_66_LR,7,sub-05–08,1,ses-29_date-20260914,2026-09-14,45
MY_66_LR,7,sub-05–08,1,ses-30_date-20260915,2026-09-15,40
MY_66_LR,7,sub-05–08,1,ses-31_date-20260915,2026-09-15,29
MY_66_LR,7,sub-05–08,1,ses-32_date-20260916,2026-09-16,38
MY_66_LR,7,sub-05–08,1,ses-33_date-20260916,2026-09-16,36
MY_66_LR,7,sub-05–08,1,ses-34_date-20260917,2026-09-17,26
MY_66_LR,7,sub-05–08,1,ses-35_date-20260917,2026-09-17,22
MY_66_N,5,sub-05–08,2,ses-37_date-20260918,2026-09-18,29
MY_66_N,5,sub-05–08,2,ses-38_date-20260919,2026-09-19,44
MY_66_N,5,sub-05–08,2,ses-39_date-20260919,2026-09-19,31
MY_66_N,5,sub-05–08,2,ses-40_date-20260920,2026-09-20,54
MY_66_N,5,sub-05–08,2,ses-41_date-20260920,2026-09-20,33
MY_66_N,5,sub-05–08,2,ses-42_date-20260921,2026-09-21,34
MY_66_N,5,sub-05–08,2,ses-43_date-20260921,2026-09-21,30
MY_66_N,5,sub-05–08,2,ses-44_date-20260922,2026-09-22,35
MY_66_N,5,sub-05–08,2,ses-45_date-20260922,2026-09-22,15
MY_66_N,5,sub-05–08,2,ses-46_date-20260923,2026-09-23,33
MY_66_N,5,sub-05–08,2,ses-47_date-20260923,2026-09-23,30
MY_66_N,5,sub-05–08,2,ses-48_date-20260924,2026-09-24,48
MY_66_N,5,sub-05–08,2,ses-49_date-20260924,2026-09-24,13
MY_66_N,5,sub-05–08,2,ses-50_date-20260925,2026-09-25,17
MY_66_N,5,sub-05–08,2,ses-51_date-20260925,2026-09-25,21
MY_175_L,4,sub-01–04,2,ses-33_date-20260908,2026-09-08,4
MY_175_L,4,sub-01–04,2,ses-34_date-20260909,2026-09-09,91
MY_175_L,4,sub-01–04,2,ses-35_date-20260909,2026-09-09,26
MY_175_L,4,sub-01–04,2,ses-36_date-20260910,2026-09-10,54
MY_175_L,4,sub-01–04,2,ses-37_date-20260910,2026-09-10,26
MY_175_L,4,sub-01–04,2,ses-38_date-20260911,2026-09-11,23
MY_175_L,4,sub-01–04,2,ses-39_date-20260911,2026-09-11,20
MY_175_L,4,sub-01–04,2,ses-40_date-20260914,2026-09-14,48
MY_175_L,4,sub-01–04,2,ses-41_date-20260914,2026-09-14,36
MY_175_L,4,sub-01–04,2,ses-42_date-20260915,2026-09-15,39
MY_175_L,4,sub-01–04,2,ses-43_date-20260915,2026-09-15,35
MY_175_L,4,sub-01–04,2,ses-44_date-20260916,2026-09-16,83
MY_175_L,4,sub-01–04,2,ses-45_date-20260916,2026-09-16,34
MY_175_N,3,sub-01–04,2,ses-34_date-20260909,2026-09-09,43
MY_175_N,3,sub-01–04,2,ses-35_date-20260909,2026-09-09,45
MY_175_N,3,sub-01–04,2,ses-36_date-20260910,2026-09-10,18
MY_175_N,3,sub-01–04,2,ses-37_date-20260910,2026-09-10,32
MY_175_N,3,sub-01–04,2,ses-38_date-20260911,2026-09-11,40
MY_175_N,3,sub-01–04,2,ses-39_date-20260911,2026-09-11,41
MY_175_N,3,sub-01–04,2,ses-40_date-20260914,2026-09-14,13
MY_175_N,3,sub-01–04,2,ses-41_date-20260914,2026-09-14,6
MY_175_N,3,sub-01–04,2,ses-42_date-20260915,2026-09-15,16
MY_175_N,3,sub-01–04,2,ses-43_date-20260915,2026-09-15,4
MY_175_N,3,sub-01–04,2,ses-44_date-20260916,2026-09-16,7
MY_175_N,3,sub-01–04,2,ses-45_date-20260916,2026-09-16,5
MY_175_N,3,sub-01–04,2,ses-46_date-20260917,2026-09-17,6
MY_175_N,3,sub-01–04,2,ses-47_date-20260917,2026-09-17,88
MY_175_N,3,sub-01–04,2,ses-48_date-20260918,2026-09-18,59
MY_175_N,3,sub-01–04,2,ses-49_date-20260918,2026-09-18,96
MY_175_N,3,sub-01–04,2,ses-50_date-20260919,2026-09-19,92
MY_175_N,3,sub-01–04,2,ses-51_date-20260919,2026-09-19,101
MY_174_LR,2,sub-01–04,2,ses-30_date-20260903,2026-09-03,14
MY_174_LR,2,sub-01–04,2,ses-31_date-20260903,2026-09-03,86
MY_174_LR,2,sub-01–04,2,ses-32_date-20260908,2026-09-08,77
MY_174_LR,2,sub-01–04,2,ses-33_date-20260908,2026-09-08,57
MY_174_LR,2,sub-01–04,2,ses-34_date-20260909,2026-09-09,99
MY_174_LR,2,sub-01–04,2,ses-35_date-20260909,2026-09-09,58
MY_174_LR,2,sub-01–04,2,ses-36_date-20260910,2026-09-10,61
MY_174_LR,2,sub-01–04,2,ses-37_date-20260910,2026-09-10,73
MY_174_LR,2,sub-01–04,2,ses-38_date-20260911,2026-09-11,47
MY_174_LR,2,sub-01–04,2,ses-39_date-20260911,2026-09-11,8
MY_174_LR,2,sub-01–04,2,ses-40_date-20260914,2026-09-14,8
MY_174_LR,2,sub-01–04,2,ses-41_date-20260914,2026-09-14,27
MY_174_LR,2,sub-01–04,2,ses-42_date-20260915,2026-09-15,62
MY_174_LR,2,sub-01–04,2,ses-43_date-20260915,2026-09-15,100
MY_174_R,1,sub-01–04,2,ses-44_date-20260916,2026-09-16,4
MY_174_R,1,sub-01–04,2,ses-45_date-20260916,2026-09-16,1
MY_174_R,1,sub-01–04,2,ses-46_date-20260917,2026-09-17,5
MY_174_R,1,sub-01–04,2,ses-47_date-20260917,2026-09-17,94
MY_174_R,1,sub-01–04,2,ses-48_date-20260918,2026-09-18,86
MY_174_R,1,sub-01–04,2,ses-49_date-20260918,2026-09-18,58
MY_174_R,1,sub-01–04,2,ses-50_date-20260919,2026-09-19,57
MY_174_R,1,sub-01–04,2,ses-51_date-20260919,2026-09-19,37
MY_174_R,1,sub-01–04,2,ses-52_date-20260920,2026-09-20,77
MY_174_R,1,sub-01–04,2,ses-53_date-20260920,2026-09-20,35
MY_174_R,1,sub-01–04,2,ses-54_date-20260921,2026-09-21,106
MY_174_R,1,sub-01–04,2,ses-55_date-20260921,2026-09-21,53
MY_174_R,1,sub-01–04,2,ses-56_date-20260922,2026-09-22,92
MY_174_R,1,sub-01–04,2,ses-57_date-20260922,2026-09-22,48
MY_174_R,1,sub-01–04,2,ses-58_date-20260923,2026-09-23,87
MY_174_R,1,sub-01–04,2,ses-59_date-20260923,2026-09-23,61
MY_66_R,6,sub-05–08,2,ses-38_date-20260919,2026-09-19,76
MY_66_R,6,sub-05–08,2,ses-39_date-20260919,2026-09-19,59
MY_66_R,6,sub-05–08,2,ses-40_date-20260920,2026-09-20,36
MY_66_R,6,sub-05–08,2,ses-41_date-20260920,2026-09-20,16
MY_66_R,6,sub-05–08,2,ses-42_date-20260921,2026-09-21,33
MY_66_R,6,sub-05–08,2,ses-43_date-20260921,2026-09-21,50
MY_66_R,6,sub-05–08,2,ses-44_date-20260922,2026-09-22,59
MY_66_R,6,sub-05–08,2,ses-45_date-20260922,2026-09-22,22
MY_66_R,6,sub-05–08,2,ses-46_date-20260923,2026-09-23,43
MY_66_R,6,sub-05–08,2,ses-47_date-20260923,2026-09-23,13
MY_66_R,6,sub-05–08,2,ses-48_date-20260924,2026-09-24,70
MY_66_R,6,sub-05–08,2,ses-49_date-20260924,2026-09-24,12
MY_66_R,6,sub-05–08,2,ses-50_date-20260925,2026-09-25,46
MY_66_R,6,sub-05–08,2,ses-51_date-20260925,2026-09-25,24
MY_66_LL,8,sub-05–08,2,ses-36_date-20260918,2026-09-18,43
MY_66_LL,8,sub-05–08,2,ses-37_date-20260918,2026-09-18,82
MY_66_LL,8,sub-05–08,2,ses-38_date-20260919,2026-09-19,52
MY_66_LL,8,sub-05–08,2,ses-39_date-20260919,2026-09-19,40
MY_66_LL,8,sub-05–08,2,ses-40_date-20260920,2026-09-20,36
MY_66_LL,8,sub-05–08,2,ses-41_date-20260920,2026-09-20,16
MY_66_LL,8,sub-05–08,2,ses-42_date-20260921,2026-09-21,32
MY_66_LL,8,sub-05–08,2,ses-43_date-20260921,2026-09-21,23
MY_66_LL,8,sub-05–08,2,ses-44_date-20260922,2026-09-22,28
MY_66_LL,8,sub-05–08,2,ses-45_date-20260922,2026-09-22,24
MY_66_LL,8,sub-05–08,2,ses-46_date-20260923,2026-09-23,56
MY_66_LL,8,sub-05–08,2,ses-47_date-20260923,2026-09-23,28
MY_66_LL,8,sub-05–08,2,ses-48_date-20260924,2026-09-24,33
MY_66_LL,8,sub-05–08,2,ses-49_date-20260924,2026-09-24,26
MY_66_LL,8,sub-05–08,2,ses-50_date-20260925,2026-09-25,25
MY_66_LL,8,sub-05–08,2,ses-51_date-20260925,2026-09-25,30
MY_66_LR,7,sub-05–08,2,ses-36_date-20260918,2026-09-18,10
MY_66_LR,7,sub-05–08,2,ses-37_date-20260918,2026-09-18,61
MY_66_LR,7,sub-05–08,2,ses-38_date-20260919,2026-09-19,35
MY_66_LR,7,sub-05–08,2,ses-39_date-20260919,2026-09-19,45
MY_66_LR,7,sub-05–08,2,ses-40_date-20260920,2026-09-20,10
MY_66_LR,7,sub-05–08,2,ses-41_date-20260920,2026-09-20,17
MY_66_LR,7,sub-05–08,2,ses-42_date-20260921,2026-09-21,21
MY_66_LR,7,sub-05–08,2,ses-43_date-20260921,2026-09-21,24
MY_66_LR,7,sub-05–08,2,ses-44_date-20260922,2026-09-22,23
MY_66_LR,7,sub-05–08,2,ses-45_date-20260922,2026-09-22,16
MY_66_LR,7,sub-05–08,2,ses-46_date-20260923,2026-09-23,22
MY_66_LR,7,sub-05–08,2,ses-47_date-20260923,2026-09-23,16
MY_66_LR,7,sub-05–08,2,ses-48_date-20260924,2026-09-24,30
MY_66_LR,7,sub-05–08,2,ses-49_date-20260924,2026-09-24,37
MY_66_LR,7,sub-05–08,2,ses-50_date-20260925,2026-09-25,45
MY_66_LR,7,sub-05–08,2,ses-51_date-20260925,2026-09-25,31
MY_175_L,4,sub-01–04,3,ses-47_date-20260917,2026-09-17,70
MY_175_L,4,sub-01–04,3,ses-48_date-20260918,2026-09-18,91
MY_175_L,4,sub-01–04,3,ses-49_date-20260918,2026-09-18,159
MY_175_L,4,sub-01–04,3,ses-50_date-20260919,2026-09-19,126
MY_175_L,4,sub-01–04,3,ses-51_date-20260919,2026-09-19,127
MY_175_L,4,sub-01–04,3,ses-52_date-20260920,2026-09-20,32
MY_175_L,4,sub-01–04,3,ses-53_date-20260920,2026-09-20,112
MY_175_N,3,sub-01–04,3,ses-52_date-20260920,2026-09-20,76
MY_175_N,3,sub-01–04,3,ses-53_date-20260920,2026-09-20,90
MY_175_N,3,sub-01–04,3,ses-54_date-20260921,2026-09-21,99
MY_175_N,3,sub-01–04,3,ses-55_date-20260921,2026-09-21,58
MY_174_LR,2,sub-01–04,3,ses-44_date-20260916,2026-09-16,27
MY_174_LR,2,sub-01–04,3,ses-45_date-20260916,2026-09-16,14
MY_174_LR,2,sub-01–04,3,ses-46_date-20260917,2026-09-17,9
MY_174_LR,2,sub-01–04,3,ses-47_date-20260917,2026-09-17,61
MY_174_LR,2,sub-01–04,3,ses-48_date-20260918,2026-09-18,80
MY_174_LR,2,sub-01–04,3,ses-49_date-20260918,2026-09-18,160
MY_174_LR,2,sub-01–04,3,ses-50_date-20260919,2026-09-19,43
MY_174_LR,2,sub-01–04,3,ses-51_date-20260919,2026-09-19,101
MY_174_LR,2,sub-01–04,3,ses-52_date-20260920,2026-09-20,103
MY_174_LR,2,sub-01–04,3,ses-53_date-20260920,2026-09-20,55
MY_174_LR,2,sub-01–04,3,ses-54_date-20260921,2026-09-21,46
MY_174_LR,2,sub-01–04,3,ses-55_date-20260921,2026-09-21,84
MY_174_LR,2,sub-01–04,3,ses-56_date-20260922,2026-09-22,145
MY_174_LR,2,sub-01–04,3,ses-57_date-20260922,2026-09-22,74
MY_174_LR,2,sub-01–04,3,ses-58_date-20260923,2026-09-23,83
MY_174_R,1,sub-01–04,3,ses-61_date-20260924,2026-09-24,2
MY_174_R,1,sub-01–04,3,ses-62_date-20260925,2026-09-25,52
MY_174_R,1,sub-01–04,3,ses-63_date-20260925,2026-09-25,98
MY_175_L,4,sub-01–04,4,ses-56_date-20260922,2026-09-22,63
MY_175_L,4,sub-01–04,4,ses-57_date-20260922,2026-09-22,69
MY_175_L,4,sub-01–04,4,ses-58_date-20260923,2026-09-23,58
MY_175_L,4,sub-01–04,4,ses-59_date-20260923,2026-09-23,84
MY_175_L,4,sub-01–04,4,ses-60_date-20260924,2026-09-24,31
MY_175_L,4,sub-01–04,4,ses-61_date-20260924,2026-09-24,17
MY_175_L,4,sub-01–04,4,ses-62_date-20260925,2026-09-25,85
MY_175_N,3,sub-01–04,4,ses-56_date-20260922,2026-09-22,62
MY_175_N,3,sub-01–04,4,ses-57_date-20260922,2026-09-22,78
MY_175_N,3,sub-01–04,4,ses-58_date-20260923,2026-09-23,75
MY_175_N,3,sub-01–04,4,ses-59_date-20260923,2026-09-23,73
MY_175_N,3,sub-01–04,4,ses-60_date-20260924,2026-09-24,51
MY_175_N,3,sub-01–04,4,ses-61_date-20260924,2026-09-24,18
MY_175_N,3,sub-01–04,4,ses-62_date-20260925,2026-09-25,40
MY_174_LR,2,sub-01–04,4,ses-59_date-20260923,2026-09-23,41
MY_174_LR,2,sub-01–04,4,ses-60_date-20260924,2026-09-24,40
MY_174_LR,2,sub-01–04,4,ses-61_date-20260924,2026-09-24,15
MY_174_LR,2,sub-01–04,4,ses-62_date-20260925,2026-09-25,71
MY_174_LR,2,sub-01–04,4,ses-63_date-20260925,2026-09-25,85
