cohort,problem,mouse,eligible_trials,best,second,third
cohort-01,2,MY_71_L,403,0.511166253101737,0.23821339950372208,0.2506203473945409
cohort-01,2,MY_71_N,510,0.49019607843137253,0.27058823529411763,0.23921568627450981
cohort-01,2,MY_71_R,467,0.48394004282655245,0.3019271948608137,0.21413276231263384
cohort-01,2,MY_72_L,477,0.46750524109014674,0.3018867924528302,0.23060796645702306
cohort-01,2,MY_72_N,398,0.46984924623115576,0.24120603015075376,0.2889447236180904
cohort-01,2,MY_72_R,480,0.45416666666666666,0.3145833333333333,0.23125
cohort-03,2,MY_174_LR,353,0.2804532577903683,0.3881019830028329,0.3314447592067989
cohort-03,2,MY_174_R,504,0.37103174603174605,0.376984126984127,0.251984126984127
cohort-03,2,MY_175_L,441,0.4512471655328798,0.3219954648526077,0.22675736961451248
cohort-03,2,MY_175_N,447,0.378076062639821,0.2505592841163311,0.3713646532438479
cohort-03,2,MY_66_LL,510,0.4137254901960784,0.3588235294117647,0.22745098039215686
cohort-03,2,MY_66_LR,443,0.43115124153498874,0.36343115124153497,0.2054176072234763
cohort-03,2,MY_66_N,467,0.43683083511777304,0.29978586723768735,0.2633832976445396
cohort-03,2,MY_66_R,463,0.35853131749460043,0.326133909287257,0.31533477321814257
