cohort,problem,mouse,total_reversals,good_reversals,bad_reversals
cohort-01,1,MY_71_L,15,10,5
cohort-01,1,MY_71_N,19,12,7
cohort-01,1,MY_71_R,17,11,6
cohort-01,1,MY_72_L,16,11,5
cohort-01,1,MY_72_N,17,13,4
cohort-01,1,MY_72_R,18,10,8
cohort-03,1,MY_174_LR,13,11,2
cohort-03,1,MY_174_R,16,10,6
cohort-03,1,MY_175_L,16,10,6
cohort-03,1,MY_175_N,14,10,4
cohort-03,1,MY_66_LL,14,10,4
cohort-03,1,MY_66_LR,12,10,2
cohort-03,1,MY_66_N,14,10,4
cohort-03,1,MY_66_R,13,11,2
cohort-01,2,MY_71_L,13,10,3
cohort-01,2,MY_71_N,11,10,1
cohort-01,2,MY_71_R,15,11,4
cohort-01,2,MY_72_L,13,10,3
cohort-01,2,MY_72_N,11,10,1
cohort-01,2,MY_72_R,15,10,5
cohort-03,2,MY_174_LR,16,10,6
cohort-03,2,MY_174_R,22,11,11
cohort-03,2,MY_175_L,12,10,2
cohort-03,2,MY_175_N,20,12,8
cohort-03,2,MY_66_LL,7,5,2
cohort-03,2,MY_66_LR,7,4,3
cohort-03,2,MY_66_N,10,8,2
cohort-03,2,MY_66_R,15,8,7
cohort-01,3,MY_71_L,11,10,1
cohort-01,3,MY_71_N,16,11,5
cohort-01,3,MY_71_R,13,11,2
cohort-01,3,MY_72_L,12,10,2
cohort-01,3,MY_72_N,16,10,6
cohort-01,3,MY_72_R,12,10,2
cohort-03,3,MY_174_LR,18,10,8
cohort-03,3,MY_174_R,5,3,2
cohort-03,3,MY_175_L,13,10,3
cohort-03,3,MY_175_N,14,11,3
